date,GCONEXP,GBUSEXP,GUNIEXPY,GUNIEXPYY,GMAREXPY,GMAREXPYY,GBONYLD
1995-01-01,,4.02,,,,,
1995-04-01,,4.39,,,3.8,,
1995-07-01,,3.28,,,3.6,3.2,
1995-10-01,,2.58,,,,3.1,
1996-01-01,,2.26,,,,,
1996-04-01,,2.18,,,3,,
1996-07-01,,1.81,3.5,,2.5,3.2,
1996-10-01,,1.57,3,,,3,
1997-01-01,,1.93,2,2.5,,,
1997-04-01,,1.77,2.5,2.75,2.7,,
1997-07-01,,1.49,2,2.6,1.8,3.6,
1997-10-01,,1.69,2.5,2.7,,3.2,
1998-01-01,,2.06,1.6,2,,,
1998-04-01,,1.53,2,2,2.7,,
1998-07-01,,1.49,2,3,2.6,2.5,
1998-10-01,,1.04,2.275,2.4,,2.5,
1999-01-01,,1,2,2.5,,,
1999-04-01,,1.08,2,2.5,2.1,,
1999-07-01,,1.21,1.95,2.5,2.2,4.2,
1999-10-01,,1.37,2.8,3.3,,4.9,
2000-01-01,,1.89,3.5,3.25,,,
2000-04-01,,3.47,4.75,4.5,5.3,,
2000-07-01,,2.06,5.3,4.2,5.5,2.3,
2000-10-01,,2.64,5.5,4.5,,2.4,
2001-01-01,,1.53,4,3.5,,,
2001-04-01,,2.29,4.45,4.05,1.9,,
2001-07-01,,1.64,4,3.8,2.3,2.5,
2001-10-01,,1.32,3.3,3.1,,2.2,
2002-01-01,,1.58,3.3,3.5,,,
2002-04-01,,1.87,3.5,3.5,2.6,,
2002-07-01,,1.79,3,3.5,2.4,2.5,
2002-10-01,,1.53,3.5,3.4,2.5,2.5,
2003-01-01,,1.74,3.5,3.8,2.6,,
2003-04-01,,1.18,3.5,3.6,2.2,,
2003-07-01,,1.38,3,3,2.3,2.5,
2003-10-01,,1.2,3,3.2,2.3,2.5,
2004-01-01,,1.08,2.6,3,2,,
2004-04-01,,1.93,2.9,3,2.3,,
2004-07-01,,1.85,3,3,2.4,2.7,
2004-10-01,,1.48,3,3,2.5,2.5,
2005-01-01,,1.65,2.95,3,2.5,,
2005-04-01,,1.91,2.85,3,2.6,2.7,
2005-07-01,,1.59,2.8,3,2.7,2.5,
2005-10-01,,1.56,3.5,3.5,2.6,2.5,
2006-01-01,,1.74,3,3,2.8,2.6,
2006-04-01,,2.44,3.5,3.2,2.7,2.6,
2006-07-01,,1.78,4.16,4,2.7,2.5,
2006-10-01,,1.86,3.9,3.5,2.7,2.5,
2007-01-01,,1.65,3.5,3.5,2.5,2.5,
2007-04-01,,2.09,3,3,2.5,2.5,
2007-07-01,,1.86,3,3,2.7,2.7,
2007-10-01,,2.28,3,3,2.7,2.6,
2008-01-01,,2.36,3.5,3.4,3,2.7,
2008-04-01,,3.38,4,3.725,3,2.8,
2008-07-01,,2.45,4,3.625,3.3,2.8,
2008-10-01,,1.94,4.05,4,2.6,2.5,
2009-01-01,,0.42,3,3,2.5,2.4,
2009-04-01,,0.85,2.5,2.65,2.3,2.4,
2009-07-01,,0.92,2.5,3,2.3,2.5,
2009-10-01,,1.12,2.6,3,2.2,2.7,
2010-01-01,,1.19,2.95,3,2.3,2.9,
2010-04-01,,2.1,3,3,3,2.8,
2010-07-01,,1.16,3,3.2,3.2,2.8,
2010-10-01,,1.31,3,3,3.2,2.8,
2011-01-01,,1.34,3.2,3.2,3.3,3.1,
2011-04-01,,2.02,3.05,3.05,2.7,2.7,
2011-07-01,,1.04,3.2,3.2,2.6,3.4,
2011-10-01,,1.21,3.35,3.4,3.5,2.9,
2012-01-01,,0.98,3,3,3.2,2.7,
2012-04-01,,1.99,2.4,2.5,3.4,2.6,
2012-07-01,,0.78,2,2.45,3.4,2.7,
2012-10-01,,0.65,2.5,2.5,2.6,2.7,
2013-01-01,,0.72,2.5,2.5,2.6,2.7,
2013-04-01,,1.51,2.75,2.75,2.6,2.6,
2013-07-01,,1.13,2.5,2.5,2.6,2.6,
2013-10-01,,1.36,2.5,2.5,2.6,2.6,
2014-01-01,,1.12,2.8,2.75,2.5,2.6,
2014-04-01,,1.5,2.8,2.9,2.6,2.7,
2014-07-01,,0.75,2.9,2.95,2.4,2.8,
2014-10-01,,1.22,2.55,2.5,2.7,2.8,
2015-01-01,,1.37,2,2.3,2.3,2.7,2.24
2015-04-01,,1.42,2.2,2.4,2.8,2.8,2.33
2015-07-01,,0.91,2,2.35,2.6,2.7,2.15
2015-10-01,,0.92,2.1,2.3,2.5,2.5,2.22
2016-01-01,,0.82,1.8,2.1,2.2,2.5,1.99
2016-04-01,,1.04,2,2.5,2.5,2.5,1.58
2016-07-01,,0.8,1.5,2,2,2.1,1.57
2016-10-01,,1.06,1.75,2,2.1,2.3,1.97
2017-01-01,,1.09,1.65,1.825,2.2,2.3,1.96
2017-04-01,,1.64,2.3,2.35,2.2,2.2,1.87
2017-07-01,,0.82,2,2.45,2.4,2.4,1.83
2017-10-01,,1.16,2,2.15,2.3,2.4,1.89
2018-01-01,,1.41,2,2.25,2.3,2.4,1.93
2018-04-01,,1.97,2.2,2.3,2.2,2.5,1.97
2018-07-01,,1.13,2.2,2.3,2.2,2.3,1.86
2018-10-01,,1.28,2,2.25,2.2,2.4,1.65
2019-01-01,,1.01,1.9,2.2,2.2,2.4,1.44
2019-04-01,,1.72,2,2,2,2.2,1.38
2019-07-01,,0.98,1.8,2,1.9,2,1.25
2019-10-01,,1.08,1.9,2,2,2.2,1.42
2020-01-01,,0.71,1.9,2,1.9,2.1,0.66
2020-04-01,,0.24,1.4,1.725,2.1,1.8,1.03
2020-07-01,,0.19,1,1.625,2.4,1.7,1.33
2020-10-01,,1.4,1.5,2,1.6,1.8,1.76
2021-01-01,,1.51,1.3,1.9,1.6,1.9,2.05
2021-04-01,,2.84,1.5,1.8,1.7,2,2.03
2021-07-01,,2.08,2.55,2.7,1.9,2.2,1.92
2021-10-01,,3.39,3,2.8,2.3,2.4,2.28
2022-01-01,4.8984585230503,3.55,3.2,2.8,3,2.7,2.54
2022-04-01,6.66111859710567,5.28,4.375,3.5,3.3,2.7,2.3
2022-07-01,5.39019196980273,3.81,6,4.1,5.2,2.7,2.16
2022-10-01,5.18859791446245,3.89,5.1,3.5,3.8,2.8,2.43
2023-01-01,4.9941092228156,3.18,5,4,4,2.8,2.33
2023-04-01,5.16717001099565,4.18,5,3.875,3.3,2.7,2.43
2023-07-01,4.60772850999672,2.19,4.25,3.35,3.6,2.7,2.54
2023-10-01,4.45811476858331,2.78,Not available for publication,Not available for publication,3.2,2.8,2.57
2024-01-01,4.3484419594189,2,Not available for publication,Not available for publication,3.1,2.7,2.45
2024-04-01,4.43148590491936,3.12,Not available for publication,Not available for publication,2.9,2.6,2.42
2024-07-01,4.43283384254083,1.72,Not available for publication,Not available for publication,2.7,2.8,2.34
2024-10-01,4.22306284494099,2.01,Not available for publication,Not available for publication,3.1,2.5,2.33
2025-01-01,3.6375200500582,1.71,Not available for publication,Not available for publication,3.1,2.5,2.16
2025-04-01,5.01562180199529,2.47,Not available for publication,Not available for publication,2.8,2.6,2.1
2025-07-01,4.69719469674346,1.65,Not available for publication,Not available for publication,2.8,2.6,2.34
2025-10-01,4.69764913459137,1.91,Not available for publication,Not available for publication,2.8,2.5,2.3
